T,U1,U2,Y1,Y2
0,0.0000,0.0000,2.3131,-0.4130
1,0.0000,0.0000,0.9543,0.1124
2,0.0000,0.0000,-2.0555,-0.7631
3,0.0000,0.0000,0.2729,0.2340
4,0.0000,1.0000,-0.7067,0.7453
5,0.0000,1.0000,4.7567,-2.0786
6,0.0000,1.0000,5.7052,-0.4273
7,1.0000,1.0000,10.2273,-2.5190
8,1.0000,1.0000,12.3858,-2.1932
9,1.0000,4.3987,11.3644,-2.7496
10,1.0000,7.2170,14.5085,-5.5778
11,2.0000,2.2413,33.0420,-9.6078
12,2.0000,9.8385,63.3132,-10.7229
13,2.0000,1.8011,57.5469,-14.3610
14,2.0000,6.1905,96.4203,-13.1769
15,2.0000,9.5029,72.5095,-14.2440
16,2.0000,1.7812,86.3204,-18.5999
17,2.0000,3.3407,107.8804,-16.2411
18,2.0000,2.5327,75.1308,-15.4699
19,2.0000,6.3764,74.2276,-15.2749
20,2.0000,6.3764,54.0421,-16.8417
21,2.0000,6.3764,79.9482,-18.8842
22,2.0000,6.3764,83.5340,-17.7514
23,2.0000,6.3764,94.2733,-18.5720
24,2.0000,6.3764,90.3774,-19.4063
25,0.5000,5.2429,93.1265,-21.1854
26,0.5000,5.2429,98.6926,-18.0221
27,0.5000,5.2429,90.7031,-18.1104
28,0.5000,5.2429,85.3436,-18.5162
29,0.5000,5.2429,84.8150,-17.4022
30,0.5000,5.2429,85.5475,-17.8052
31,0.5000,5.2429,77.7818,-16.5556
32,0.5000,5.2429,82.6349,-16.5527
33,0.5000,5.2429,75.8976,-16.8973
34,0.5000,5.2429,80.4137,-15.8732
35,3.0000,5.2429,79.6754,-15.8268
36,3.0000,5.2429,83.2757,-17.9127
37,3.0000,5.2429,89.3917,-18.1412
38,3.0000,5.2429,88.9271,-18.2989
39,3.0000,5.2429,83.7428,-21.0193
40,1.0000,7.2207,85.3927,-19.6104
41,1.0000,7.2207,82.0942,-21.0523
42,1.0000,7.2207,97.0788,-21.3900
43,1.0000,0.0728,98.8865,-20.6350
44,1.0000,0.0728,102.9978,-16.6823
45,1.0000,0.0728,63.1751,-12.9056
46,1.0000,0.0728,39.1512,-11.1668
47,1.0000,0.0728,29.2793,-8.4951
48,1.0000,0.0728,14.8297,-6.7765
49,1.0000,0.0728,14.5861,-6.5650
50,1.0000,0.0728,10.5096,-4.5602
