Time,U,Y
0,0,0.156418294
0.5,0,0.114280303
1,0,0.195363627
1.5,0,-0.298792006
2,0.5,-0.117873115
2.5,0.25,0.086512898
3,0,-0.076219395
3.5,0,0.285340951
4,1,0.409472024
4.5,1,0.25557125
5,1,0.819729164
5.5,1,1.759083042
6,2,1.726557899
6.5,2,2.161541274
7,2,2.59845127
7.5,2,3.967799642
8,2,4.68958469
8.5,2,5.200203005
9,2,5.717445486
9.5,2,6.036943748
10,2,6.263949122
10.5,2,6.396556939
11,2,6.986792893
11.5,2,7.39756504
12,2,7.512877813
12.5,2,7.615308414
13,1.5,7.744131881
13.5,1.5,7.974418788
14,1.5,7.703831074
14.5,1.5,7.76189416
15,1.5,7.951529309
15.5,1.5,7.427333388
16,1.5,7.490334043
16.5,1.5,7.345673413
17,1.5,7.696141829
17.5,0.5,7.30045085
18,0.5,7.676576502
18.5,0.5,6.717127563
19,0.5,6.229962998
19.5,0.5,5.993990394
20,0.5,5.436906496
20.5,0.5,4.591175763
21,0.5,4.65484964
21.5,0.5,4.552809274
22,0.5,4.15586047
22.5,0.5,4.024426506
23,0.5,3.367630563
23.5,0.5,3.032842552
24,0.5,3.336055253
24.5,0.5,3.031782864
25,0.5,2.920856294
